name,url
Products,https://www.shl.com/products/
Products,https://www.shl.com/products/
Occupational Personality Questionnaire (OPQ),https://www.shl.com/products/assessments/personality-assessment/shl-occupational-personality-questionnaire-opq/
Job-Focused Assessments (JFA),https://www.shl.com/products/assessments/job-focused-assessments/
Motivational Questionnaire (MQ),https://www.shl.com/products/assessments/personality-assessment/shl-motivation-questionnaire-mq/
Situational Judgment Tests (SJT),https://www.shl.com/products/assessments/behavioral-assessments/situation-judgement-tests-sjt/
SHL Verify,https://www.shl.com/products/assessments/cognitive-assessments/
SHL 360,https://www.shl.com/products/360/
Assessments,https://www.shl.com/products/assessments/
Behavioral Assessments,https://www.shl.com/products/assessments/behavioral-assessments/
Cognitive Assessments,https://www.shl.com/products/assessments/cognitive-assessments/
Personality Assessments,https://www.shl.com/products/assessments/personality-assessment/
Video Interviews,https://www.shl.com/products/video-interviews/
Skills & Simulations,https://www.shl.com/products/assessments/skills-and-simulations/
Call Center Simulations,https://www.shl.com/products/assessments/skills-and-simulations/call-center-simulations/
Business Skills,https://www.shl.com/products/assessments/skills-and-simulations/business-skills/
Coding Simulations,https://www.shl.com/products/assessments/skills-and-simulations/coding-simulations/
Technical Skills,https://www.shl.com/products/assessments/skills-and-simulations/technical-skills/
Language Evaluation,https://www.shl.com/products/assessments/skills-and-simulations/language-evaluation/
View all SHL ProductsGet the ultimate view of potential with SHL’s unmatched portfolio of assessments and interview technology.,https://www.shl.com/products/
Outsourced Assessments (VADC),https://www.shl.com/products/assessments/assessment-and-development-centers/
View Product Catalog,https://www.shl.com/products/product-catalog/
Products,https://www.shl.com/products/
Account Manager Solution,https://www.shl.com/products/product-catalog/view/account-manager-solution/
Administrative Professional - Short Form,https://www.shl.com/products/product-catalog/view/administrative-professional-short-form/
Agency Manager Solution,https://www.shl.com/products/product-catalog/view/agency-manager-solution/
Apprentice + 8.0 Job Focused Assessment,https://www.shl.com/products/product-catalog/view/apprentice-8-0-job-focused-assessment-4261/
Apprentice 8.0 Job Focused Assessment,https://www.shl.com/products/product-catalog/view/apprentice-8-0-job-focused-assessment/
Bank Administrative Assistant - Short Form,https://www.shl.com/products/product-catalog/view/bank-administrative-assistant-short-form/
Bank Collections Agent - Short Form,https://www.shl.com/products/product-catalog/view/bank-collections-agent-short-form/
Bank Operations Supervisor - Short Form,https://www.shl.com/products/product-catalog/view/bank-operations-supervisor-short-form/
Bilingual Spanish Reservation Agent Solution,https://www.shl.com/products/product-catalog/view/bilingual-spanish-reservation-agent-solution/
"Bookkeeping, Accounting, Auditing Clerk Short Form",https://www.shl.com/products/product-catalog/view/bookkeeping-accounting-auditing-clerk-short-form/
Branch Manager - Short Form,https://www.shl.com/products/product-catalog/view/branch-manager-short-form/
Cashier Solution,https://www.shl.com/products/product-catalog/view/cashier-solution/
2,https://www.shl.com/products/product-catalog/?page=1&start=12&type=2
3,https://www.shl.com/products/product-catalog/?page=1&start=24&type=2
12,https://www.shl.com/products/product-catalog/?page=1&start=132&type=2
Next,https://www.shl.com/products/product-catalog/?page=1&start=12&type=2
Global Skills Development Report,https://www.shl.com/products/product-catalog/view/global-skills-development-report/
.NET Framework 4.5,https://www.shl.com/products/product-catalog/view/net-framework-4-5/
.NET MVC (New),https://www.shl.com/products/product-catalog/view/net-mvc-new/
.NET MVVM (New),https://www.shl.com/products/product-catalog/view/net-mvvm-new/
.NET WCF (New),https://www.shl.com/products/product-catalog/view/net-wcf-new/
.NET WPF (New),https://www.shl.com/products/product-catalog/view/net-wpf-new/
.NET XAML (New),https://www.shl.com/products/product-catalog/view/net-xaml-new/
Accounts Payable (New),https://www.shl.com/products/product-catalog/view/accounts-payable-new/
Accounts Payable Simulation (New),https://www.shl.com/products/product-catalog/view/accounts-payable-simulation-new/
Accounts Receivable (New),https://www.shl.com/products/product-catalog/view/accounts-receivable-new/
Accounts Receivable Simulation (New),https://www.shl.com/products/product-catalog/view/accounts-receivable-simulation-new/
ADO.NET (New),https://www.shl.com/products/product-catalog/view/ado-net-new/
2,https://www.shl.com/products/product-catalog/?page=1&start=12&type=1
3,https://www.shl.com/products/product-catalog/?page=1&start=24&type=1
32,https://www.shl.com/products/product-catalog/?page=1&start=372&type=1
Next,https://www.shl.com/products/product-catalog/?page=1&start=12&type=1
Products,https://www.shl.com/products/
Product Catalog,https://www.shl.com/products/product-catalog/
Products,https://www.shl.com/products/
Products,https://www.shl.com/products/
Occupational Personality Questionnaire (OPQ),https://www.shl.com/products/assessments/personality-assessment/shl-occupational-personality-questionnaire-opq/
Job-Focused Assessments (JFA),https://www.shl.com/products/assessments/job-focused-assessments/
Motivational Questionnaire (MQ),https://www.shl.com/products/assessments/personality-assessment/shl-motivation-questionnaire-mq/
Situational Judgment Tests (SJT),https://www.shl.com/products/assessments/behavioral-assessments/situation-judgement-tests-sjt/
SHL Verify,https://www.shl.com/products/assessments/cognitive-assessments/
SHL 360,https://www.shl.com/products/360/
Assessments,https://www.shl.com/products/assessments/
Behavioral Assessments,https://www.shl.com/products/assessments/behavioral-assessments/
Cognitive Assessments,https://www.shl.com/products/assessments/cognitive-assessments/
Personality Assessments,https://www.shl.com/products/assessments/personality-assessment/
Video Interviews,https://www.shl.com/products/video-interviews/
Skills & Simulations,https://www.shl.com/products/assessments/skills-and-simulations/
Call Center Simulations,https://www.shl.com/products/assessments/skills-and-simulations/call-center-simulations/
Business Skills,https://www.shl.com/products/assessments/skills-and-simulations/business-skills/
Coding Simulations,https://www.shl.com/products/assessments/skills-and-simulations/coding-simulations/
Technical Skills,https://www.shl.com/products/assessments/skills-and-simulations/technical-skills/
Language Evaluation,https://www.shl.com/products/assessments/skills-and-simulations/language-evaluation/
View all SHL ProductsGet the ultimate view of potential with SHL’s unmatched portfolio of assessments and interview technology.,https://www.shl.com/products/
Outsourced Assessments (VADC),https://www.shl.com/products/assessments/assessment-and-development-centers/
View Product Catalog,https://www.shl.com/products/product-catalog/
Products,https://www.shl.com/products/
Account Manager Solution,https://www.shl.com/products/product-catalog/view/account-manager-solution/
Administrative Professional - Short Form,https://www.shl.com/products/product-catalog/view/administrative-professional-short-form/
Agency Manager Solution,https://www.shl.com/products/product-catalog/view/agency-manager-solution/
Apprentice + 8.0 Job Focused Assessment,https://www.shl.com/products/product-catalog/view/apprentice-8-0-job-focused-assessment-4261/
Apprentice 8.0 Job Focused Assessment,https://www.shl.com/products/product-catalog/view/apprentice-8-0-job-focused-assessment/
Bank Administrative Assistant - Short Form,https://www.shl.com/products/product-catalog/view/bank-administrative-assistant-short-form/
Bank Collections Agent - Short Form,https://www.shl.com/products/product-catalog/view/bank-collections-agent-short-form/
Bank Operations Supervisor - Short Form,https://www.shl.com/products/product-catalog/view/bank-operations-supervisor-short-form/
Bilingual Spanish Reservation Agent Solution,https://www.shl.com/products/product-catalog/view/bilingual-spanish-reservation-agent-solution/
"Bookkeeping, Accounting, Auditing Clerk Short Form",https://www.shl.com/products/product-catalog/view/bookkeeping-accounting-auditing-clerk-short-form/
Branch Manager - Short Form,https://www.shl.com/products/product-catalog/view/branch-manager-short-form/
Cashier Solution,https://www.shl.com/products/product-catalog/view/cashier-solution/
2,https://www.shl.com/products/product-catalog/?page=2&start=12&type=2
3,https://www.shl.com/products/product-catalog/?page=2&start=24&type=2
12,https://www.shl.com/products/product-catalog/?page=2&start=132&type=2
Next,https://www.shl.com/products/product-catalog/?page=2&start=12&type=2
Global Skills Development Report,https://www.shl.com/products/product-catalog/view/global-skills-development-report/
.NET Framework 4.5,https://www.shl.com/products/product-catalog/view/net-framework-4-5/
.NET MVC (New),https://www.shl.com/products/product-catalog/view/net-mvc-new/
.NET MVVM (New),https://www.shl.com/products/product-catalog/view/net-mvvm-new/
.NET WCF (New),https://www.shl.com/products/product-catalog/view/net-wcf-new/
.NET WPF (New),https://www.shl.com/products/product-catalog/view/net-wpf-new/
.NET XAML (New),https://www.shl.com/products/product-catalog/view/net-xaml-new/
Accounts Payable (New),https://www.shl.com/products/product-catalog/view/accounts-payable-new/
Accounts Payable Simulation (New),https://www.shl.com/products/product-catalog/view/accounts-payable-simulation-new/
Accounts Receivable (New),https://www.shl.com/products/product-catalog/view/accounts-receivable-new/
Accounts Receivable Simulation (New),https://www.shl.com/products/product-catalog/view/accounts-receivable-simulation-new/
ADO.NET (New),https://www.shl.com/products/product-catalog/view/ado-net-new/
2,https://www.shl.com/products/product-catalog/?page=2&start=12&type=1
3,https://www.shl.com/products/product-catalog/?page=2&start=24&type=1
32,https://www.shl.com/products/product-catalog/?page=2&start=372&type=1
Next,https://www.shl.com/products/product-catalog/?page=2&start=12&type=1
Products,https://www.shl.com/products/
Product Catalog,https://www.shl.com/products/product-catalog/
Products,https://www.shl.com/products/
Products,https://www.shl.com/products/
Occupational Personality Questionnaire (OPQ),https://www.shl.com/products/assessments/personality-assessment/shl-occupational-personality-questionnaire-opq/
Job-Focused Assessments (JFA),https://www.shl.com/products/assessments/job-focused-assessments/
Motivational Questionnaire (MQ),https://www.shl.com/products/assessments/personality-assessment/shl-motivation-questionnaire-mq/
Situational Judgment Tests (SJT),https://www.shl.com/products/assessments/behavioral-assessments/situation-judgement-tests-sjt/
SHL Verify,https://www.shl.com/products/assessments/cognitive-assessments/
SHL 360,https://www.shl.com/products/360/
Assessments,https://www.shl.com/products/assessments/
Behavioral Assessments,https://www.shl.com/products/assessments/behavioral-assessments/
Cognitive Assessments,https://www.shl.com/products/assessments/cognitive-assessments/
Personality Assessments,https://www.shl.com/products/assessments/personality-assessment/
Video Interviews,https://www.shl.com/products/video-interviews/
Skills & Simulations,https://www.shl.com/products/assessments/skills-and-simulations/
Call Center Simulations,https://www.shl.com/products/assessments/skills-and-simulations/call-center-simulations/
Business Skills,https://www.shl.com/products/assessments/skills-and-simulations/business-skills/
Coding Simulations,https://www.shl.com/products/assessments/skills-and-simulations/coding-simulations/
Technical Skills,https://www.shl.com/products/assessments/skills-and-simulations/technical-skills/
Language Evaluation,https://www.shl.com/products/assessments/skills-and-simulations/language-evaluation/
View all SHL ProductsGet the ultimate view of potential with SHL’s unmatched portfolio of assessments and interview technology.,https://www.shl.com/products/
Outsourced Assessments (VADC),https://www.shl.com/products/assessments/assessment-and-development-centers/
View Product Catalog,https://www.shl.com/products/product-catalog/
Products,https://www.shl.com/products/
Account Manager Solution,https://www.shl.com/products/product-catalog/view/account-manager-solution/
Administrative Professional - Short Form,https://www.shl.com/products/product-catalog/view/administrative-professional-short-form/
Agency Manager Solution,https://www.shl.com/products/product-catalog/view/agency-manager-solution/
Apprentice + 8.0 Job Focused Assessment,https://www.shl.com/products/product-catalog/view/apprentice-8-0-job-focused-assessment-4261/
Apprentice 8.0 Job Focused Assessment,https://www.shl.com/products/product-catalog/view/apprentice-8-0-job-focused-assessment/
Bank Administrative Assistant - Short Form,https://www.shl.com/products/product-catalog/view/bank-administrative-assistant-short-form/
Bank Collections Agent - Short Form,https://www.shl.com/products/product-catalog/view/bank-collections-agent-short-form/
Bank Operations Supervisor - Short Form,https://www.shl.com/products/product-catalog/view/bank-operations-supervisor-short-form/
Bilingual Spanish Reservation Agent Solution,https://www.shl.com/products/product-catalog/view/bilingual-spanish-reservation-agent-solution/
"Bookkeeping, Accounting, Auditing Clerk Short Form",https://www.shl.com/products/product-catalog/view/bookkeeping-accounting-auditing-clerk-short-form/
Branch Manager - Short Form,https://www.shl.com/products/product-catalog/view/branch-manager-short-form/
Cashier Solution,https://www.shl.com/products/product-catalog/view/cashier-solution/
2,https://www.shl.com/products/product-catalog/?page=3&start=12&type=2
3,https://www.shl.com/products/product-catalog/?page=3&start=24&type=2
12,https://www.shl.com/products/product-catalog/?page=3&start=132&type=2
Next,https://www.shl.com/products/product-catalog/?page=3&start=12&type=2
Global Skills Development Report,https://www.shl.com/products/product-catalog/view/global-skills-development-report/
.NET Framework 4.5,https://www.shl.com/products/product-catalog/view/net-framework-4-5/
.NET MVC (New),https://www.shl.com/products/product-catalog/view/net-mvc-new/
.NET MVVM (New),https://www.shl.com/products/product-catalog/view/net-mvvm-new/
.NET WCF (New),https://www.shl.com/products/product-catalog/view/net-wcf-new/
.NET WPF (New),https://www.shl.com/products/product-catalog/view/net-wpf-new/
.NET XAML (New),https://www.shl.com/products/product-catalog/view/net-xaml-new/
Accounts Payable (New),https://www.shl.com/products/product-catalog/view/accounts-payable-new/
Accounts Payable Simulation (New),https://www.shl.com/products/product-catalog/view/accounts-payable-simulation-new/
Accounts Receivable (New),https://www.shl.com/products/product-catalog/view/accounts-receivable-new/
Accounts Receivable Simulation (New),https://www.shl.com/products/product-catalog/view/accounts-receivable-simulation-new/
ADO.NET (New),https://www.shl.com/products/product-catalog/view/ado-net-new/
2,https://www.shl.com/products/product-catalog/?page=3&start=12&type=1
3,https://www.shl.com/products/product-catalog/?page=3&start=24&type=1
32,https://www.shl.com/products/product-catalog/?page=3&start=372&type=1
Next,https://www.shl.com/products/product-catalog/?page=3&start=12&type=1
Products,https://www.shl.com/products/
Product Catalog,https://www.shl.com/products/product-catalog/
Products,https://www.shl.com/products/
Products,https://www.shl.com/products/
Occupational Personality Questionnaire (OPQ),https://www.shl.com/products/assessments/personality-assessment/shl-occupational-personality-questionnaire-opq/
Job-Focused Assessments (JFA),https://www.shl.com/products/assessments/job-focused-assessments/
Motivational Questionnaire (MQ),https://www.shl.com/products/assessments/personality-assessment/shl-motivation-questionnaire-mq/
Situational Judgment Tests (SJT),https://www.shl.com/products/assessments/behavioral-assessments/situation-judgement-tests-sjt/
SHL Verify,https://www.shl.com/products/assessments/cognitive-assessments/
SHL 360,https://www.shl.com/products/360/
Assessments,https://www.shl.com/products/assessments/
Behavioral Assessments,https://www.shl.com/products/assessments/behavioral-assessments/
Cognitive Assessments,https://www.shl.com/products/assessments/cognitive-assessments/
Personality Assessments,https://www.shl.com/products/assessments/personality-assessment/
Video Interviews,https://www.shl.com/products/video-interviews/
Skills & Simulations,https://www.shl.com/products/assessments/skills-and-simulations/
Call Center Simulations,https://www.shl.com/products/assessments/skills-and-simulations/call-center-simulations/
Business Skills,https://www.shl.com/products/assessments/skills-and-simulations/business-skills/
Coding Simulations,https://www.shl.com/products/assessments/skills-and-simulations/coding-simulations/
Technical Skills,https://www.shl.com/products/assessments/skills-and-simulations/technical-skills/
Language Evaluation,https://www.shl.com/products/assessments/skills-and-simulations/language-evaluation/
View all SHL ProductsGet the ultimate view of potential with SHL’s unmatched portfolio of assessments and interview technology.,https://www.shl.com/products/
Outsourced Assessments (VADC),https://www.shl.com/products/assessments/assessment-and-development-centers/
View Product Catalog,https://www.shl.com/products/product-catalog/
Products,https://www.shl.com/products/
Account Manager Solution,https://www.shl.com/products/product-catalog/view/account-manager-solution/
Administrative Professional - Short Form,https://www.shl.com/products/product-catalog/view/administrative-professional-short-form/
Agency Manager Solution,https://www.shl.com/products/product-catalog/view/agency-manager-solution/
Apprentice + 8.0 Job Focused Assessment,https://www.shl.com/products/product-catalog/view/apprentice-8-0-job-focused-assessment-4261/
Apprentice 8.0 Job Focused Assessment,https://www.shl.com/products/product-catalog/view/apprentice-8-0-job-focused-assessment/
Bank Administrative Assistant - Short Form,https://www.shl.com/products/product-catalog/view/bank-administrative-assistant-short-form/
Bank Collections Agent - Short Form,https://www.shl.com/products/product-catalog/view/bank-collections-agent-short-form/
Bank Operations Supervisor - Short Form,https://www.shl.com/products/product-catalog/view/bank-operations-supervisor-short-form/
Bilingual Spanish Reservation Agent Solution,https://www.shl.com/products/product-catalog/view/bilingual-spanish-reservation-agent-solution/
"Bookkeeping, Accounting, Auditing Clerk Short Form",https://www.shl.com/products/product-catalog/view/bookkeeping-accounting-auditing-clerk-short-form/
Branch Manager - Short Form,https://www.shl.com/products/product-catalog/view/branch-manager-short-form/
Cashier Solution,https://www.shl.com/products/product-catalog/view/cashier-solution/
2,https://www.shl.com/products/product-catalog/?page=4&start=12&type=2
3,https://www.shl.com/products/product-catalog/?page=4&start=24&type=2
12,https://www.shl.com/products/product-catalog/?page=4&start=132&type=2
Next,https://www.shl.com/products/product-catalog/?page=4&start=12&type=2
Global Skills Development Report,https://www.shl.com/products/product-catalog/view/global-skills-development-report/
.NET Framework 4.5,https://www.shl.com/products/product-catalog/view/net-framework-4-5/
.NET MVC (New),https://www.shl.com/products/product-catalog/view/net-mvc-new/
.NET MVVM (New),https://www.shl.com/products/product-catalog/view/net-mvvm-new/
.NET WCF (New),https://www.shl.com/products/product-catalog/view/net-wcf-new/
.NET WPF (New),https://www.shl.com/products/product-catalog/view/net-wpf-new/
.NET XAML (New),https://www.shl.com/products/product-catalog/view/net-xaml-new/
Accounts Payable (New),https://www.shl.com/products/product-catalog/view/accounts-payable-new/
Accounts Payable Simulation (New),https://www.shl.com/products/product-catalog/view/accounts-payable-simulation-new/
Accounts Receivable (New),https://www.shl.com/products/product-catalog/view/accounts-receivable-new/
Accounts Receivable Simulation (New),https://www.shl.com/products/product-catalog/view/accounts-receivable-simulation-new/
ADO.NET (New),https://www.shl.com/products/product-catalog/view/ado-net-new/
2,https://www.shl.com/products/product-catalog/?page=4&start=12&type=1
3,https://www.shl.com/products/product-catalog/?page=4&start=24&type=1
32,https://www.shl.com/products/product-catalog/?page=4&start=372&type=1
Next,https://www.shl.com/products/product-catalog/?page=4&start=12&type=1
Products,https://www.shl.com/products/
Product Catalog,https://www.shl.com/products/product-catalog/
Products,https://www.shl.com/products/
Products,https://www.shl.com/products/
Occupational Personality Questionnaire (OPQ),https://www.shl.com/products/assessments/personality-assessment/shl-occupational-personality-questionnaire-opq/
Job-Focused Assessments (JFA),https://www.shl.com/products/assessments/job-focused-assessments/
Motivational Questionnaire (MQ),https://www.shl.com/products/assessments/personality-assessment/shl-motivation-questionnaire-mq/
Situational Judgment Tests (SJT),https://www.shl.com/products/assessments/behavioral-assessments/situation-judgement-tests-sjt/
SHL Verify,https://www.shl.com/products/assessments/cognitive-assessments/
SHL 360,https://www.shl.com/products/360/
Assessments,https://www.shl.com/products/assessments/
Behavioral Assessments,https://www.shl.com/products/assessments/behavioral-assessments/
Cognitive Assessments,https://www.shl.com/products/assessments/cognitive-assessments/
Personality Assessments,https://www.shl.com/products/assessments/personality-assessment/
Video Interviews,https://www.shl.com/products/video-interviews/
Skills & Simulations,https://www.shl.com/products/assessments/skills-and-simulations/
Call Center Simulations,https://www.shl.com/products/assessments/skills-and-simulations/call-center-simulations/
Business Skills,https://www.shl.com/products/assessments/skills-and-simulations/business-skills/
Coding Simulations,https://www.shl.com/products/assessments/skills-and-simulations/coding-simulations/
Technical Skills,https://www.shl.com/products/assessments/skills-and-simulations/technical-skills/
Language Evaluation,https://www.shl.com/products/assessments/skills-and-simulations/language-evaluation/
View all SHL ProductsGet the ultimate view of potential with SHL’s unmatched portfolio of assessments and interview technology.,https://www.shl.com/products/
Outsourced Assessments (VADC),https://www.shl.com/products/assessments/assessment-and-development-centers/
View Product Catalog,https://www.shl.com/products/product-catalog/
Products,https://www.shl.com/products/
Account Manager Solution,https://www.shl.com/products/product-catalog/view/account-manager-solution/
Administrative Professional - Short Form,https://www.shl.com/products/product-catalog/view/administrative-professional-short-form/
Agency Manager Solution,https://www.shl.com/products/product-catalog/view/agency-manager-solution/
Apprentice + 8.0 Job Focused Assessment,https://www.shl.com/products/product-catalog/view/apprentice-8-0-job-focused-assessment-4261/
Apprentice 8.0 Job Focused Assessment,https://www.shl.com/products/product-catalog/view/apprentice-8-0-job-focused-assessment/
Bank Administrative Assistant - Short Form,https://www.shl.com/products/product-catalog/view/bank-administrative-assistant-short-form/
Bank Collections Agent - Short Form,https://www.shl.com/products/product-catalog/view/bank-collections-agent-short-form/
Bank Operations Supervisor - Short Form,https://www.shl.com/products/product-catalog/view/bank-operations-supervisor-short-form/
Bilingual Spanish Reservation Agent Solution,https://www.shl.com/products/product-catalog/view/bilingual-spanish-reservation-agent-solution/
"Bookkeeping, Accounting, Auditing Clerk Short Form",https://www.shl.com/products/product-catalog/view/bookkeeping-accounting-auditing-clerk-short-form/
Branch Manager - Short Form,https://www.shl.com/products/product-catalog/view/branch-manager-short-form/
Cashier Solution,https://www.shl.com/products/product-catalog/view/cashier-solution/
2,https://www.shl.com/products/product-catalog/?page=5&start=12&type=2
3,https://www.shl.com/products/product-catalog/?page=5&start=24&type=2
12,https://www.shl.com/products/product-catalog/?page=5&start=132&type=2
Next,https://www.shl.com/products/product-catalog/?page=5&start=12&type=2
Global Skills Development Report,https://www.shl.com/products/product-catalog/view/global-skills-development-report/
.NET Framework 4.5,https://www.shl.com/products/product-catalog/view/net-framework-4-5/
.NET MVC (New),https://www.shl.com/products/product-catalog/view/net-mvc-new/
.NET MVVM (New),https://www.shl.com/products/product-catalog/view/net-mvvm-new/
.NET WCF (New),https://www.shl.com/products/product-catalog/view/net-wcf-new/
.NET WPF (New),https://www.shl.com/products/product-catalog/view/net-wpf-new/
.NET XAML (New),https://www.shl.com/products/product-catalog/view/net-xaml-new/
Accounts Payable (New),https://www.shl.com/products/product-catalog/view/accounts-payable-new/
Accounts Payable Simulation (New),https://www.shl.com/products/product-catalog/view/accounts-payable-simulation-new/
Accounts Receivable (New),https://www.shl.com/products/product-catalog/view/accounts-receivable-new/
Accounts Receivable Simulation (New),https://www.shl.com/products/product-catalog/view/accounts-receivable-simulation-new/
ADO.NET (New),https://www.shl.com/products/product-catalog/view/ado-net-new/
2,https://www.shl.com/products/product-catalog/?page=5&start=12&type=1
3,https://www.shl.com/products/product-catalog/?page=5&start=24&type=1
32,https://www.shl.com/products/product-catalog/?page=5&start=372&type=1
Next,https://www.shl.com/products/product-catalog/?page=5&start=12&type=1
Products,https://www.shl.com/products/
Product Catalog,https://www.shl.com/products/product-catalog/
Products,https://www.shl.com/products/
Products,https://www.shl.com/products/
Occupational Personality Questionnaire (OPQ),https://www.shl.com/products/assessments/personality-assessment/shl-occupational-personality-questionnaire-opq/
Job-Focused Assessments (JFA),https://www.shl.com/products/assessments/job-focused-assessments/
Motivational Questionnaire (MQ),https://www.shl.com/products/assessments/personality-assessment/shl-motivation-questionnaire-mq/
Situational Judgment Tests (SJT),https://www.shl.com/products/assessments/behavioral-assessments/situation-judgement-tests-sjt/
SHL Verify,https://www.shl.com/products/assessments/cognitive-assessments/
SHL 360,https://www.shl.com/products/360/
Assessments,https://www.shl.com/products/assessments/
Behavioral Assessments,https://www.shl.com/products/assessments/behavioral-assessments/
Cognitive Assessments,https://www.shl.com/products/assessments/cognitive-assessments/
Personality Assessments,https://www.shl.com/products/assessments/personality-assessment/
Video Interviews,https://www.shl.com/products/video-interviews/
Skills & Simulations,https://www.shl.com/products/assessments/skills-and-simulations/
Call Center Simulations,https://www.shl.com/products/assessments/skills-and-simulations/call-center-simulations/
Business Skills,https://www.shl.com/products/assessments/skills-and-simulations/business-skills/
Coding Simulations,https://www.shl.com/products/assessments/skills-and-simulations/coding-simulations/
Technical Skills,https://www.shl.com/products/assessments/skills-and-simulations/technical-skills/
Language Evaluation,https://www.shl.com/products/assessments/skills-and-simulations/language-evaluation/
View all SHL ProductsGet the ultimate view of potential with SHL’s unmatched portfolio of assessments and interview technology.,https://www.shl.com/products/
Outsourced Assessments (VADC),https://www.shl.com/products/assessments/assessment-and-development-centers/
View Product Catalog,https://www.shl.com/products/product-catalog/
Products,https://www.shl.com/products/
Account Manager Solution,https://www.shl.com/products/product-catalog/view/account-manager-solution/
Administrative Professional - Short Form,https://www.shl.com/products/product-catalog/view/administrative-professional-short-form/
Agency Manager Solution,https://www.shl.com/products/product-catalog/view/agency-manager-solution/
Apprentice + 8.0 Job Focused Assessment,https://www.shl.com/products/product-catalog/view/apprentice-8-0-job-focused-assessment-4261/
Apprentice 8.0 Job Focused Assessment,https://www.shl.com/products/product-catalog/view/apprentice-8-0-job-focused-assessment/
Bank Administrative Assistant - Short Form,https://www.shl.com/products/product-catalog/view/bank-administrative-assistant-short-form/
Bank Collections Agent - Short Form,https://www.shl.com/products/product-catalog/view/bank-collections-agent-short-form/
Bank Operations Supervisor - Short Form,https://www.shl.com/products/product-catalog/view/bank-operations-supervisor-short-form/
Bilingual Spanish Reservation Agent Solution,https://www.shl.com/products/product-catalog/view/bilingual-spanish-reservation-agent-solution/
"Bookkeeping, Accounting, Auditing Clerk Short Form",https://www.shl.com/products/product-catalog/view/bookkeeping-accounting-auditing-clerk-short-form/
Branch Manager - Short Form,https://www.shl.com/products/product-catalog/view/branch-manager-short-form/
Cashier Solution,https://www.shl.com/products/product-catalog/view/cashier-solution/
2,https://www.shl.com/products/product-catalog/?page=6&start=12&type=2
3,https://www.shl.com/products/product-catalog/?page=6&start=24&type=2
12,https://www.shl.com/products/product-catalog/?page=6&start=132&type=2
Next,https://www.shl.com/products/product-catalog/?page=6&start=12&type=2
Global Skills Development Report,https://www.shl.com/products/product-catalog/view/global-skills-development-report/
.NET Framework 4.5,https://www.shl.com/products/product-catalog/view/net-framework-4-5/
.NET MVC (New),https://www.shl.com/products/product-catalog/view/net-mvc-new/
.NET MVVM (New),https://www.shl.com/products/product-catalog/view/net-mvvm-new/
.NET WCF (New),https://www.shl.com/products/product-catalog/view/net-wcf-new/
.NET WPF (New),https://www.shl.com/products/product-catalog/view/net-wpf-new/
.NET XAML (New),https://www.shl.com/products/product-catalog/view/net-xaml-new/
Accounts Payable (New),https://www.shl.com/products/product-catalog/view/accounts-payable-new/
Accounts Payable Simulation (New),https://www.shl.com/products/product-catalog/view/accounts-payable-simulation-new/
Accounts Receivable (New),https://www.shl.com/products/product-catalog/view/accounts-receivable-new/
Accounts Receivable Simulation (New),https://www.shl.com/products/product-catalog/view/accounts-receivable-simulation-new/
ADO.NET (New),https://www.shl.com/products/product-catalog/view/ado-net-new/
2,https://www.shl.com/products/product-catalog/?page=6&start=12&type=1
3,https://www.shl.com/products/product-catalog/?page=6&start=24&type=1
32,https://www.shl.com/products/product-catalog/?page=6&start=372&type=1
Next,https://www.shl.com/products/product-catalog/?page=6&start=12&type=1
Products,https://www.shl.com/products/
Product Catalog,https://www.shl.com/products/product-catalog/
Products,https://www.shl.com/products/
Products,https://www.shl.com/products/
Occupational Personality Questionnaire (OPQ),https://www.shl.com/products/assessments/personality-assessment/shl-occupational-personality-questionnaire-opq/
Job-Focused Assessments (JFA),https://www.shl.com/products/assessments/job-focused-assessments/
Motivational Questionnaire (MQ),https://www.shl.com/products/assessments/personality-assessment/shl-motivation-questionnaire-mq/
Situational Judgment Tests (SJT),https://www.shl.com/products/assessments/behavioral-assessments/situation-judgement-tests-sjt/
SHL Verify,https://www.shl.com/products/assessments/cognitive-assessments/
SHL 360,https://www.shl.com/products/360/
Assessments,https://www.shl.com/products/assessments/
Behavioral Assessments,https://www.shl.com/products/assessments/behavioral-assessments/
Cognitive Assessments,https://www.shl.com/products/assessments/cognitive-assessments/
Personality Assessments,https://www.shl.com/products/assessments/personality-assessment/
Video Interviews,https://www.shl.com/products/video-interviews/
Skills & Simulations,https://www.shl.com/products/assessments/skills-and-simulations/
Call Center Simulations,https://www.shl.com/products/assessments/skills-and-simulations/call-center-simulations/
Business Skills,https://www.shl.com/products/assessments/skills-and-simulations/business-skills/
Coding Simulations,https://www.shl.com/products/assessments/skills-and-simulations/coding-simulations/
Technical Skills,https://www.shl.com/products/assessments/skills-and-simulations/technical-skills/
Language Evaluation,https://www.shl.com/products/assessments/skills-and-simulations/language-evaluation/
View all SHL ProductsGet the ultimate view of potential with SHL’s unmatched portfolio of assessments and interview technology.,https://www.shl.com/products/
Outsourced Assessments (VADC),https://www.shl.com/products/assessments/assessment-and-development-centers/
View Product Catalog,https://www.shl.com/products/product-catalog/
Products,https://www.shl.com/products/
Account Manager Solution,https://www.shl.com/products/product-catalog/view/account-manager-solution/
Administrative Professional - Short Form,https://www.shl.com/products/product-catalog/view/administrative-professional-short-form/
Agency Manager Solution,https://www.shl.com/products/product-catalog/view/agency-manager-solution/
Apprentice + 8.0 Job Focused Assessment,https://www.shl.com/products/product-catalog/view/apprentice-8-0-job-focused-assessment-4261/
Apprentice 8.0 Job Focused Assessment,https://www.shl.com/products/product-catalog/view/apprentice-8-0-job-focused-assessment/
Bank Administrative Assistant - Short Form,https://www.shl.com/products/product-catalog/view/bank-administrative-assistant-short-form/
Bank Collections Agent - Short Form,https://www.shl.com/products/product-catalog/view/bank-collections-agent-short-form/
Bank Operations Supervisor - Short Form,https://www.shl.com/products/product-catalog/view/bank-operations-supervisor-short-form/
Bilingual Spanish Reservation Agent Solution,https://www.shl.com/products/product-catalog/view/bilingual-spanish-reservation-agent-solution/
"Bookkeeping, Accounting, Auditing Clerk Short Form",https://www.shl.com/products/product-catalog/view/bookkeeping-accounting-auditing-clerk-short-form/
Branch Manager - Short Form,https://www.shl.com/products/product-catalog/view/branch-manager-short-form/
Cashier Solution,https://www.shl.com/products/product-catalog/view/cashier-solution/
2,https://www.shl.com/products/product-catalog/?page=7&start=12&type=2
3,https://www.shl.com/products/product-catalog/?page=7&start=24&type=2
12,https://www.shl.com/products/product-catalog/?page=7&start=132&type=2
Next,https://www.shl.com/products/product-catalog/?page=7&start=12&type=2
Global Skills Development Report,https://www.shl.com/products/product-catalog/view/global-skills-development-report/
.NET Framework 4.5,https://www.shl.com/products/product-catalog/view/net-framework-4-5/
.NET MVC (New),https://www.shl.com/products/product-catalog/view/net-mvc-new/
.NET MVVM (New),https://www.shl.com/products/product-catalog/view/net-mvvm-new/
.NET WCF (New),https://www.shl.com/products/product-catalog/view/net-wcf-new/
.NET WPF (New),https://www.shl.com/products/product-catalog/view/net-wpf-new/
.NET XAML (New),https://www.shl.com/products/product-catalog/view/net-xaml-new/
Accounts Payable (New),https://www.shl.com/products/product-catalog/view/accounts-payable-new/
Accounts Payable Simulation (New),https://www.shl.com/products/product-catalog/view/accounts-payable-simulation-new/
Accounts Receivable (New),https://www.shl.com/products/product-catalog/view/accounts-receivable-new/
Accounts Receivable Simulation (New),https://www.shl.com/products/product-catalog/view/accounts-receivable-simulation-new/
ADO.NET (New),https://www.shl.com/products/product-catalog/view/ado-net-new/
2,https://www.shl.com/products/product-catalog/?page=7&start=12&type=1
3,https://www.shl.com/products/product-catalog/?page=7&start=24&type=1
32,https://www.shl.com/products/product-catalog/?page=7&start=372&type=1
Next,https://www.shl.com/products/product-catalog/?page=7&start=12&type=1
Products,https://www.shl.com/products/
Product Catalog,https://www.shl.com/products/product-catalog/
Products,https://www.shl.com/products/
Products,https://www.shl.com/products/
Occupational Personality Questionnaire (OPQ),https://www.shl.com/products/assessments/personality-assessment/shl-occupational-personality-questionnaire-opq/
Job-Focused Assessments (JFA),https://www.shl.com/products/assessments/job-focused-assessments/
Motivational Questionnaire (MQ),https://www.shl.com/products/assessments/personality-assessment/shl-motivation-questionnaire-mq/
Situational Judgment Tests (SJT),https://www.shl.com/products/assessments/behavioral-assessments/situation-judgement-tests-sjt/
SHL Verify,https://www.shl.com/products/assessments/cognitive-assessments/
SHL 360,https://www.shl.com/products/360/
Assessments,https://www.shl.com/products/assessments/
Behavioral Assessments,https://www.shl.com/products/assessments/behavioral-assessments/
Cognitive Assessments,https://www.shl.com/products/assessments/cognitive-assessments/
Personality Assessments,https://www.shl.com/products/assessments/personality-assessment/
Video Interviews,https://www.shl.com/products/video-interviews/
Skills & Simulations,https://www.shl.com/products/assessments/skills-and-simulations/
Call Center Simulations,https://www.shl.com/products/assessments/skills-and-simulations/call-center-simulations/
Business Skills,https://www.shl.com/products/assessments/skills-and-simulations/business-skills/
Coding Simulations,https://www.shl.com/products/assessments/skills-and-simulations/coding-simulations/
Technical Skills,https://www.shl.com/products/assessments/skills-and-simulations/technical-skills/
Language Evaluation,https://www.shl.com/products/assessments/skills-and-simulations/language-evaluation/
View all SHL ProductsGet the ultimate view of potential with SHL’s unmatched portfolio of assessments and interview technology.,https://www.shl.com/products/
Outsourced Assessments (VADC),https://www.shl.com/products/assessments/assessment-and-development-centers/
View Product Catalog,https://www.shl.com/products/product-catalog/
Products,https://www.shl.com/products/
Account Manager Solution,https://www.shl.com/products/product-catalog/view/account-manager-solution/
Administrative Professional - Short Form,https://www.shl.com/products/product-catalog/view/administrative-professional-short-form/
Agency Manager Solution,https://www.shl.com/products/product-catalog/view/agency-manager-solution/
Apprentice + 8.0 Job Focused Assessment,https://www.shl.com/products/product-catalog/view/apprentice-8-0-job-focused-assessment-4261/
Apprentice 8.0 Job Focused Assessment,https://www.shl.com/products/product-catalog/view/apprentice-8-0-job-focused-assessment/
Bank Administrative Assistant - Short Form,https://www.shl.com/products/product-catalog/view/bank-administrative-assistant-short-form/
Bank Collections Agent - Short Form,https://www.shl.com/products/product-catalog/view/bank-collections-agent-short-form/
Bank Operations Supervisor - Short Form,https://www.shl.com/products/product-catalog/view/bank-operations-supervisor-short-form/
Bilingual Spanish Reservation Agent Solution,https://www.shl.com/products/product-catalog/view/bilingual-spanish-reservation-agent-solution/
"Bookkeeping, Accounting, Auditing Clerk Short Form",https://www.shl.com/products/product-catalog/view/bookkeeping-accounting-auditing-clerk-short-form/
Branch Manager - Short Form,https://www.shl.com/products/product-catalog/view/branch-manager-short-form/
Cashier Solution,https://www.shl.com/products/product-catalog/view/cashier-solution/
2,https://www.shl.com/products/product-catalog/?page=8&start=12&type=2
3,https://www.shl.com/products/product-catalog/?page=8&start=24&type=2
12,https://www.shl.com/products/product-catalog/?page=8&start=132&type=2
Next,https://www.shl.com/products/product-catalog/?page=8&start=12&type=2
Global Skills Development Report,https://www.shl.com/products/product-catalog/view/global-skills-development-report/
.NET Framework 4.5,https://www.shl.com/products/product-catalog/view/net-framework-4-5/
.NET MVC (New),https://www.shl.com/products/product-catalog/view/net-mvc-new/
.NET MVVM (New),https://www.shl.com/products/product-catalog/view/net-mvvm-new/
.NET WCF (New),https://www.shl.com/products/product-catalog/view/net-wcf-new/
.NET WPF (New),https://www.shl.com/products/product-catalog/view/net-wpf-new/
.NET XAML (New),https://www.shl.com/products/product-catalog/view/net-xaml-new/
Accounts Payable (New),https://www.shl.com/products/product-catalog/view/accounts-payable-new/
Accounts Payable Simulation (New),https://www.shl.com/products/product-catalog/view/accounts-payable-simulation-new/
Accounts Receivable (New),https://www.shl.com/products/product-catalog/view/accounts-receivable-new/
Accounts Receivable Simulation (New),https://www.shl.com/products/product-catalog/view/accounts-receivable-simulation-new/
ADO.NET (New),https://www.shl.com/products/product-catalog/view/ado-net-new/
2,https://www.shl.com/products/product-catalog/?page=8&start=12&type=1
3,https://www.shl.com/products/product-catalog/?page=8&start=24&type=1
32,https://www.shl.com/products/product-catalog/?page=8&start=372&type=1
Next,https://www.shl.com/products/product-catalog/?page=8&start=12&type=1
Products,https://www.shl.com/products/
Product Catalog,https://www.shl.com/products/product-catalog/
Products,https://www.shl.com/products/
Products,https://www.shl.com/products/
Occupational Personality Questionnaire (OPQ),https://www.shl.com/products/assessments/personality-assessment/shl-occupational-personality-questionnaire-opq/
Job-Focused Assessments (JFA),https://www.shl.com/products/assessments/job-focused-assessments/
Motivational Questionnaire (MQ),https://www.shl.com/products/assessments/personality-assessment/shl-motivation-questionnaire-mq/
Situational Judgment Tests (SJT),https://www.shl.com/products/assessments/behavioral-assessments/situation-judgement-tests-sjt/
SHL Verify,https://www.shl.com/products/assessments/cognitive-assessments/
SHL 360,https://www.shl.com/products/360/
Assessments,https://www.shl.com/products/assessments/
Behavioral Assessments,https://www.shl.com/products/assessments/behavioral-assessments/
Cognitive Assessments,https://www.shl.com/products/assessments/cognitive-assessments/
Personality Assessments,https://www.shl.com/products/assessments/personality-assessment/
Video Interviews,https://www.shl.com/products/video-interviews/
Skills & Simulations,https://www.shl.com/products/assessments/skills-and-simulations/
Call Center Simulations,https://www.shl.com/products/assessments/skills-and-simulations/call-center-simulations/
Business Skills,https://www.shl.com/products/assessments/skills-and-simulations/business-skills/
Coding Simulations,https://www.shl.com/products/assessments/skills-and-simulations/coding-simulations/
Technical Skills,https://www.shl.com/products/assessments/skills-and-simulations/technical-skills/
Language Evaluation,https://www.shl.com/products/assessments/skills-and-simulations/language-evaluation/
View all SHL ProductsGet the ultimate view of potential with SHL’s unmatched portfolio of assessments and interview technology.,https://www.shl.com/products/
Outsourced Assessments (VADC),https://www.shl.com/products/assessments/assessment-and-development-centers/
View Product Catalog,https://www.shl.com/products/product-catalog/
Products,https://www.shl.com/products/
Account Manager Solution,https://www.shl.com/products/product-catalog/view/account-manager-solution/
Administrative Professional - Short Form,https://www.shl.com/products/product-catalog/view/administrative-professional-short-form/
Agency Manager Solution,https://www.shl.com/products/product-catalog/view/agency-manager-solution/
Apprentice + 8.0 Job Focused Assessment,https://www.shl.com/products/product-catalog/view/apprentice-8-0-job-focused-assessment-4261/
Apprentice 8.0 Job Focused Assessment,https://www.shl.com/products/product-catalog/view/apprentice-8-0-job-focused-assessment/
Bank Administrative Assistant - Short Form,https://www.shl.com/products/product-catalog/view/bank-administrative-assistant-short-form/
Bank Collections Agent - Short Form,https://www.shl.com/products/product-catalog/view/bank-collections-agent-short-form/
Bank Operations Supervisor - Short Form,https://www.shl.com/products/product-catalog/view/bank-operations-supervisor-short-form/
Bilingual Spanish Reservation Agent Solution,https://www.shl.com/products/product-catalog/view/bilingual-spanish-reservation-agent-solution/
"Bookkeeping, Accounting, Auditing Clerk Short Form",https://www.shl.com/products/product-catalog/view/bookkeeping-accounting-auditing-clerk-short-form/
Branch Manager - Short Form,https://www.shl.com/products/product-catalog/view/branch-manager-short-form/
Cashier Solution,https://www.shl.com/products/product-catalog/view/cashier-solution/
2,https://www.shl.com/products/product-catalog/?page=9&start=12&type=2
3,https://www.shl.com/products/product-catalog/?page=9&start=24&type=2
12,https://www.shl.com/products/product-catalog/?page=9&start=132&type=2
Next,https://www.shl.com/products/product-catalog/?page=9&start=12&type=2
Global Skills Development Report,https://www.shl.com/products/product-catalog/view/global-skills-development-report/
.NET Framework 4.5,https://www.shl.com/products/product-catalog/view/net-framework-4-5/
.NET MVC (New),https://www.shl.com/products/product-catalog/view/net-mvc-new/
.NET MVVM (New),https://www.shl.com/products/product-catalog/view/net-mvvm-new/
.NET WCF (New),https://www.shl.com/products/product-catalog/view/net-wcf-new/
.NET WPF (New),https://www.shl.com/products/product-catalog/view/net-wpf-new/
.NET XAML (New),https://www.shl.com/products/product-catalog/view/net-xaml-new/
Accounts Payable (New),https://www.shl.com/products/product-catalog/view/accounts-payable-new/
Accounts Payable Simulation (New),https://www.shl.com/products/product-catalog/view/accounts-payable-simulation-new/
Accounts Receivable (New),https://www.shl.com/products/product-catalog/view/accounts-receivable-new/
Accounts Receivable Simulation (New),https://www.shl.com/products/product-catalog/view/accounts-receivable-simulation-new/
ADO.NET (New),https://www.shl.com/products/product-catalog/view/ado-net-new/
2,https://www.shl.com/products/product-catalog/?page=9&start=12&type=1
3,https://www.shl.com/products/product-catalog/?page=9&start=24&type=1
32,https://www.shl.com/products/product-catalog/?page=9&start=372&type=1
Next,https://www.shl.com/products/product-catalog/?page=9&start=12&type=1
Products,https://www.shl.com/products/
Product Catalog,https://www.shl.com/products/product-catalog/
Products,https://www.shl.com/products/
Products,https://www.shl.com/products/
Occupational Personality Questionnaire (OPQ),https://www.shl.com/products/assessments/personality-assessment/shl-occupational-personality-questionnaire-opq/
Job-Focused Assessments (JFA),https://www.shl.com/products/assessments/job-focused-assessments/
Motivational Questionnaire (MQ),https://www.shl.com/products/assessments/personality-assessment/shl-motivation-questionnaire-mq/
Situational Judgment Tests (SJT),https://www.shl.com/products/assessments/behavioral-assessments/situation-judgement-tests-sjt/
SHL Verify,https://www.shl.com/products/assessments/cognitive-assessments/
SHL 360,https://www.shl.com/products/360/
Assessments,https://www.shl.com/products/assessments/
Behavioral Assessments,https://www.shl.com/products/assessments/behavioral-assessments/
Cognitive Assessments,https://www.shl.com/products/assessments/cognitive-assessments/
Personality Assessments,https://www.shl.com/products/assessments/personality-assessment/
Video Interviews,https://www.shl.com/products/video-interviews/
Skills & Simulations,https://www.shl.com/products/assessments/skills-and-simulations/
Call Center Simulations,https://www.shl.com/products/assessments/skills-and-simulations/call-center-simulations/
Business Skills,https://www.shl.com/products/assessments/skills-and-simulations/business-skills/
Coding Simulations,https://www.shl.com/products/assessments/skills-and-simulations/coding-simulations/
Technical Skills,https://www.shl.com/products/assessments/skills-and-simulations/technical-skills/
Language Evaluation,https://www.shl.com/products/assessments/skills-and-simulations/language-evaluation/
View all SHL ProductsGet the ultimate view of potential with SHL’s unmatched portfolio of assessments and interview technology.,https://www.shl.com/products/
Outsourced Assessments (VADC),https://www.shl.com/products/assessments/assessment-and-development-centers/
View Product Catalog,https://www.shl.com/products/product-catalog/
Products,https://www.shl.com/products/
Account Manager Solution,https://www.shl.com/products/product-catalog/view/account-manager-solution/
Administrative Professional - Short Form,https://www.shl.com/products/product-catalog/view/administrative-professional-short-form/
Agency Manager Solution,https://www.shl.com/products/product-catalog/view/agency-manager-solution/
Apprentice + 8.0 Job Focused Assessment,https://www.shl.com/products/product-catalog/view/apprentice-8-0-job-focused-assessment-4261/
Apprentice 8.0 Job Focused Assessment,https://www.shl.com/products/product-catalog/view/apprentice-8-0-job-focused-assessment/
Bank Administrative Assistant - Short Form,https://www.shl.com/products/product-catalog/view/bank-administrative-assistant-short-form/
Bank Collections Agent - Short Form,https://www.shl.com/products/product-catalog/view/bank-collections-agent-short-form/
Bank Operations Supervisor - Short Form,https://www.shl.com/products/product-catalog/view/bank-operations-supervisor-short-form/
Bilingual Spanish Reservation Agent Solution,https://www.shl.com/products/product-catalog/view/bilingual-spanish-reservation-agent-solution/
"Bookkeeping, Accounting, Auditing Clerk Short Form",https://www.shl.com/products/product-catalog/view/bookkeeping-accounting-auditing-clerk-short-form/
Branch Manager - Short Form,https://www.shl.com/products/product-catalog/view/branch-manager-short-form/
Cashier Solution,https://www.shl.com/products/product-catalog/view/cashier-solution/
2,https://www.shl.com/products/product-catalog/?page=10&start=12&type=2
3,https://www.shl.com/products/product-catalog/?page=10&start=24&type=2
12,https://www.shl.com/products/product-catalog/?page=10&start=132&type=2
Next,https://www.shl.com/products/product-catalog/?page=10&start=12&type=2
Global Skills Development Report,https://www.shl.com/products/product-catalog/view/global-skills-development-report/
.NET Framework 4.5,https://www.shl.com/products/product-catalog/view/net-framework-4-5/
.NET MVC (New),https://www.shl.com/products/product-catalog/view/net-mvc-new/
.NET MVVM (New),https://www.shl.com/products/product-catalog/view/net-mvvm-new/
.NET WCF (New),https://www.shl.com/products/product-catalog/view/net-wcf-new/
.NET WPF (New),https://www.shl.com/products/product-catalog/view/net-wpf-new/
.NET XAML (New),https://www.shl.com/products/product-catalog/view/net-xaml-new/
Accounts Payable (New),https://www.shl.com/products/product-catalog/view/accounts-payable-new/
Accounts Payable Simulation (New),https://www.shl.com/products/product-catalog/view/accounts-payable-simulation-new/
Accounts Receivable (New),https://www.shl.com/products/product-catalog/view/accounts-receivable-new/
Accounts Receivable Simulation (New),https://www.shl.com/products/product-catalog/view/accounts-receivable-simulation-new/
ADO.NET (New),https://www.shl.com/products/product-catalog/view/ado-net-new/
2,https://www.shl.com/products/product-catalog/?page=10&start=12&type=1
3,https://www.shl.com/products/product-catalog/?page=10&start=24&type=1
32,https://www.shl.com/products/product-catalog/?page=10&start=372&type=1
Next,https://www.shl.com/products/product-catalog/?page=10&start=12&type=1
Products,https://www.shl.com/products/
Product Catalog,https://www.shl.com/products/product-catalog/
Products,https://www.shl.com/products/
Products,https://www.shl.com/products/
Occupational Personality Questionnaire (OPQ),https://www.shl.com/products/assessments/personality-assessment/shl-occupational-personality-questionnaire-opq/
Job-Focused Assessments (JFA),https://www.shl.com/products/assessments/job-focused-assessments/
Motivational Questionnaire (MQ),https://www.shl.com/products/assessments/personality-assessment/shl-motivation-questionnaire-mq/
Situational Judgment Tests (SJT),https://www.shl.com/products/assessments/behavioral-assessments/situation-judgement-tests-sjt/
SHL Verify,https://www.shl.com/products/assessments/cognitive-assessments/
SHL 360,https://www.shl.com/products/360/
Assessments,https://www.shl.com/products/assessments/
Behavioral Assessments,https://www.shl.com/products/assessments/behavioral-assessments/
Cognitive Assessments,https://www.shl.com/products/assessments/cognitive-assessments/
Personality Assessments,https://www.shl.com/products/assessments/personality-assessment/
Video Interviews,https://www.shl.com/products/video-interviews/
Skills & Simulations,https://www.shl.com/products/assessments/skills-and-simulations/
Call Center Simulations,https://www.shl.com/products/assessments/skills-and-simulations/call-center-simulations/
Business Skills,https://www.shl.com/products/assessments/skills-and-simulations/business-skills/
Coding Simulations,https://www.shl.com/products/assessments/skills-and-simulations/coding-simulations/
Technical Skills,https://www.shl.com/products/assessments/skills-and-simulations/technical-skills/
Language Evaluation,https://www.shl.com/products/assessments/skills-and-simulations/language-evaluation/
View all SHL ProductsGet the ultimate view of potential with SHL’s unmatched portfolio of assessments and interview technology.,https://www.shl.com/products/
Outsourced Assessments (VADC),https://www.shl.com/products/assessments/assessment-and-development-centers/
View Product Catalog,https://www.shl.com/products/product-catalog/
Products,https://www.shl.com/products/
Account Manager Solution,https://www.shl.com/products/product-catalog/view/account-manager-solution/
Administrative Professional - Short Form,https://www.shl.com/products/product-catalog/view/administrative-professional-short-form/
Agency Manager Solution,https://www.shl.com/products/product-catalog/view/agency-manager-solution/
Apprentice + 8.0 Job Focused Assessment,https://www.shl.com/products/product-catalog/view/apprentice-8-0-job-focused-assessment-4261/
Apprentice 8.0 Job Focused Assessment,https://www.shl.com/products/product-catalog/view/apprentice-8-0-job-focused-assessment/
Bank Administrative Assistant - Short Form,https://www.shl.com/products/product-catalog/view/bank-administrative-assistant-short-form/
Bank Collections Agent - Short Form,https://www.shl.com/products/product-catalog/view/bank-collections-agent-short-form/
Bank Operations Supervisor - Short Form,https://www.shl.com/products/product-catalog/view/bank-operations-supervisor-short-form/
Bilingual Spanish Reservation Agent Solution,https://www.shl.com/products/product-catalog/view/bilingual-spanish-reservation-agent-solution/
"Bookkeeping, Accounting, Auditing Clerk Short Form",https://www.shl.com/products/product-catalog/view/bookkeeping-accounting-auditing-clerk-short-form/
Branch Manager - Short Form,https://www.shl.com/products/product-catalog/view/branch-manager-short-form/
Cashier Solution,https://www.shl.com/products/product-catalog/view/cashier-solution/
2,https://www.shl.com/products/product-catalog/?page=11&start=12&type=2
3,https://www.shl.com/products/product-catalog/?page=11&start=24&type=2
12,https://www.shl.com/products/product-catalog/?page=11&start=132&type=2
Next,https://www.shl.com/products/product-catalog/?page=11&start=12&type=2
Global Skills Development Report,https://www.shl.com/products/product-catalog/view/global-skills-development-report/
.NET Framework 4.5,https://www.shl.com/products/product-catalog/view/net-framework-4-5/
.NET MVC (New),https://www.shl.com/products/product-catalog/view/net-mvc-new/
.NET MVVM (New),https://www.shl.com/products/product-catalog/view/net-mvvm-new/
.NET WCF (New),https://www.shl.com/products/product-catalog/view/net-wcf-new/
.NET WPF (New),https://www.shl.com/products/product-catalog/view/net-wpf-new/
.NET XAML (New),https://www.shl.com/products/product-catalog/view/net-xaml-new/
Accounts Payable (New),https://www.shl.com/products/product-catalog/view/accounts-payable-new/
Accounts Payable Simulation (New),https://www.shl.com/products/product-catalog/view/accounts-payable-simulation-new/
Accounts Receivable (New),https://www.shl.com/products/product-catalog/view/accounts-receivable-new/
Accounts Receivable Simulation (New),https://www.shl.com/products/product-catalog/view/accounts-receivable-simulation-new/
ADO.NET (New),https://www.shl.com/products/product-catalog/view/ado-net-new/
2,https://www.shl.com/products/product-catalog/?page=11&start=12&type=1
3,https://www.shl.com/products/product-catalog/?page=11&start=24&type=1
32,https://www.shl.com/products/product-catalog/?page=11&start=372&type=1
Next,https://www.shl.com/products/product-catalog/?page=11&start=12&type=1
Products,https://www.shl.com/products/
Product Catalog,https://www.shl.com/products/product-catalog/
Products,https://www.shl.com/products/
Products,https://www.shl.com/products/
Occupational Personality Questionnaire (OPQ),https://www.shl.com/products/assessments/personality-assessment/shl-occupational-personality-questionnaire-opq/
Job-Focused Assessments (JFA),https://www.shl.com/products/assessments/job-focused-assessments/
Motivational Questionnaire (MQ),https://www.shl.com/products/assessments/personality-assessment/shl-motivation-questionnaire-mq/
Situational Judgment Tests (SJT),https://www.shl.com/products/assessments/behavioral-assessments/situation-judgement-tests-sjt/
SHL Verify,https://www.shl.com/products/assessments/cognitive-assessments/
SHL 360,https://www.shl.com/products/360/
Assessments,https://www.shl.com/products/assessments/
Behavioral Assessments,https://www.shl.com/products/assessments/behavioral-assessments/
Cognitive Assessments,https://www.shl.com/products/assessments/cognitive-assessments/
Personality Assessments,https://www.shl.com/products/assessments/personality-assessment/
Video Interviews,https://www.shl.com/products/video-interviews/
Skills & Simulations,https://www.shl.com/products/assessments/skills-and-simulations/
Call Center Simulations,https://www.shl.com/products/assessments/skills-and-simulations/call-center-simulations/
Business Skills,https://www.shl.com/products/assessments/skills-and-simulations/business-skills/
Coding Simulations,https://www.shl.com/products/assessments/skills-and-simulations/coding-simulations/
Technical Skills,https://www.shl.com/products/assessments/skills-and-simulations/technical-skills/
Language Evaluation,https://www.shl.com/products/assessments/skills-and-simulations/language-evaluation/
View all SHL ProductsGet the ultimate view of potential with SHL’s unmatched portfolio of assessments and interview technology.,https://www.shl.com/products/
Outsourced Assessments (VADC),https://www.shl.com/products/assessments/assessment-and-development-centers/
View Product Catalog,https://www.shl.com/products/product-catalog/
Products,https://www.shl.com/products/
Account Manager Solution,https://www.shl.com/products/product-catalog/view/account-manager-solution/
Administrative Professional - Short Form,https://www.shl.com/products/product-catalog/view/administrative-professional-short-form/
Agency Manager Solution,https://www.shl.com/products/product-catalog/view/agency-manager-solution/
Apprentice + 8.0 Job Focused Assessment,https://www.shl.com/products/product-catalog/view/apprentice-8-0-job-focused-assessment-4261/
Apprentice 8.0 Job Focused Assessment,https://www.shl.com/products/product-catalog/view/apprentice-8-0-job-focused-assessment/
Bank Administrative Assistant - Short Form,https://www.shl.com/products/product-catalog/view/bank-administrative-assistant-short-form/
Bank Collections Agent - Short Form,https://www.shl.com/products/product-catalog/view/bank-collections-agent-short-form/
Bank Operations Supervisor - Short Form,https://www.shl.com/products/product-catalog/view/bank-operations-supervisor-short-form/
Bilingual Spanish Reservation Agent Solution,https://www.shl.com/products/product-catalog/view/bilingual-spanish-reservation-agent-solution/
"Bookkeeping, Accounting, Auditing Clerk Short Form",https://www.shl.com/products/product-catalog/view/bookkeeping-accounting-auditing-clerk-short-form/
Branch Manager - Short Form,https://www.shl.com/products/product-catalog/view/branch-manager-short-form/
Cashier Solution,https://www.shl.com/products/product-catalog/view/cashier-solution/
2,https://www.shl.com/products/product-catalog/?page=12&start=12&type=2
3,https://www.shl.com/products/product-catalog/?page=12&start=24&type=2
12,https://www.shl.com/products/product-catalog/?page=12&start=132&type=2
Next,https://www.shl.com/products/product-catalog/?page=12&start=12&type=2
Global Skills Development Report,https://www.shl.com/products/product-catalog/view/global-skills-development-report/
.NET Framework 4.5,https://www.shl.com/products/product-catalog/view/net-framework-4-5/
.NET MVC (New),https://www.shl.com/products/product-catalog/view/net-mvc-new/
.NET MVVM (New),https://www.shl.com/products/product-catalog/view/net-mvvm-new/
.NET WCF (New),https://www.shl.com/products/product-catalog/view/net-wcf-new/
.NET WPF (New),https://www.shl.com/products/product-catalog/view/net-wpf-new/
.NET XAML (New),https://www.shl.com/products/product-catalog/view/net-xaml-new/
Accounts Payable (New),https://www.shl.com/products/product-catalog/view/accounts-payable-new/
Accounts Payable Simulation (New),https://www.shl.com/products/product-catalog/view/accounts-payable-simulation-new/
Accounts Receivable (New),https://www.shl.com/products/product-catalog/view/accounts-receivable-new/
Accounts Receivable Simulation (New),https://www.shl.com/products/product-catalog/view/accounts-receivable-simulation-new/
ADO.NET (New),https://www.shl.com/products/product-catalog/view/ado-net-new/
2,https://www.shl.com/products/product-catalog/?page=12&start=12&type=1
3,https://www.shl.com/products/product-catalog/?page=12&start=24&type=1
32,https://www.shl.com/products/product-catalog/?page=12&start=372&type=1
Next,https://www.shl.com/products/product-catalog/?page=12&start=12&type=1
Products,https://www.shl.com/products/
Product Catalog,https://www.shl.com/products/product-catalog/
Products,https://www.shl.com/products/
Products,https://www.shl.com/products/
Occupational Personality Questionnaire (OPQ),https://www.shl.com/products/assessments/personality-assessment/shl-occupational-personality-questionnaire-opq/
Job-Focused Assessments (JFA),https://www.shl.com/products/assessments/job-focused-assessments/
Motivational Questionnaire (MQ),https://www.shl.com/products/assessments/personality-assessment/shl-motivation-questionnaire-mq/
Situational Judgment Tests (SJT),https://www.shl.com/products/assessments/behavioral-assessments/situation-judgement-tests-sjt/
SHL Verify,https://www.shl.com/products/assessments/cognitive-assessments/
SHL 360,https://www.shl.com/products/360/
Assessments,https://www.shl.com/products/assessments/
Behavioral Assessments,https://www.shl.com/products/assessments/behavioral-assessments/
Cognitive Assessments,https://www.shl.com/products/assessments/cognitive-assessments/
Personality Assessments,https://www.shl.com/products/assessments/personality-assessment/
Video Interviews,https://www.shl.com/products/video-interviews/
Skills & Simulations,https://www.shl.com/products/assessments/skills-and-simulations/
Call Center Simulations,https://www.shl.com/products/assessments/skills-and-simulations/call-center-simulations/
Business Skills,https://www.shl.com/products/assessments/skills-and-simulations/business-skills/
Coding Simulations,https://www.shl.com/products/assessments/skills-and-simulations/coding-simulations/
Technical Skills,https://www.shl.com/products/assessments/skills-and-simulations/technical-skills/
Language Evaluation,https://www.shl.com/products/assessments/skills-and-simulations/language-evaluation/
View all SHL ProductsGet the ultimate view of potential with SHL’s unmatched portfolio of assessments and interview technology.,https://www.shl.com/products/
Outsourced Assessments (VADC),https://www.shl.com/products/assessments/assessment-and-development-centers/
View Product Catalog,https://www.shl.com/products/product-catalog/
Products,https://www.shl.com/products/
Account Manager Solution,https://www.shl.com/products/product-catalog/view/account-manager-solution/
Administrative Professional - Short Form,https://www.shl.com/products/product-catalog/view/administrative-professional-short-form/
Agency Manager Solution,https://www.shl.com/products/product-catalog/view/agency-manager-solution/
Apprentice + 8.0 Job Focused Assessment,https://www.shl.com/products/product-catalog/view/apprentice-8-0-job-focused-assessment-4261/
Apprentice 8.0 Job Focused Assessment,https://www.shl.com/products/product-catalog/view/apprentice-8-0-job-focused-assessment/
Bank Administrative Assistant - Short Form,https://www.shl.com/products/product-catalog/view/bank-administrative-assistant-short-form/
Bank Collections Agent - Short Form,https://www.shl.com/products/product-catalog/view/bank-collections-agent-short-form/
Bank Operations Supervisor - Short Form,https://www.shl.com/products/product-catalog/view/bank-operations-supervisor-short-form/
Bilingual Spanish Reservation Agent Solution,https://www.shl.com/products/product-catalog/view/bilingual-spanish-reservation-agent-solution/
"Bookkeeping, Accounting, Auditing Clerk Short Form",https://www.shl.com/products/product-catalog/view/bookkeeping-accounting-auditing-clerk-short-form/
Branch Manager - Short Form,https://www.shl.com/products/product-catalog/view/branch-manager-short-form/
Cashier Solution,https://www.shl.com/products/product-catalog/view/cashier-solution/
2,https://www.shl.com/products/product-catalog/?page=13&start=12&type=2
3,https://www.shl.com/products/product-catalog/?page=13&start=24&type=2
12,https://www.shl.com/products/product-catalog/?page=13&start=132&type=2
Next,https://www.shl.com/products/product-catalog/?page=13&start=12&type=2
Global Skills Development Report,https://www.shl.com/products/product-catalog/view/global-skills-development-report/
.NET Framework 4.5,https://www.shl.com/products/product-catalog/view/net-framework-4-5/
.NET MVC (New),https://www.shl.com/products/product-catalog/view/net-mvc-new/
.NET MVVM (New),https://www.shl.com/products/product-catalog/view/net-mvvm-new/
.NET WCF (New),https://www.shl.com/products/product-catalog/view/net-wcf-new/
.NET WPF (New),https://www.shl.com/products/product-catalog/view/net-wpf-new/
.NET XAML (New),https://www.shl.com/products/product-catalog/view/net-xaml-new/
Accounts Payable (New),https://www.shl.com/products/product-catalog/view/accounts-payable-new/
Accounts Payable Simulation (New),https://www.shl.com/products/product-catalog/view/accounts-payable-simulation-new/
Accounts Receivable (New),https://www.shl.com/products/product-catalog/view/accounts-receivable-new/
Accounts Receivable Simulation (New),https://www.shl.com/products/product-catalog/view/accounts-receivable-simulation-new/
ADO.NET (New),https://www.shl.com/products/product-catalog/view/ado-net-new/
2,https://www.shl.com/products/product-catalog/?page=13&start=12&type=1
3,https://www.shl.com/products/product-catalog/?page=13&start=24&type=1
32,https://www.shl.com/products/product-catalog/?page=13&start=372&type=1
Next,https://www.shl.com/products/product-catalog/?page=13&start=12&type=1
Products,https://www.shl.com/products/
Product Catalog,https://www.shl.com/products/product-catalog/
Products,https://www.shl.com/products/
Products,https://www.shl.com/products/
Occupational Personality Questionnaire (OPQ),https://www.shl.com/products/assessments/personality-assessment/shl-occupational-personality-questionnaire-opq/
Job-Focused Assessments (JFA),https://www.shl.com/products/assessments/job-focused-assessments/
Motivational Questionnaire (MQ),https://www.shl.com/products/assessments/personality-assessment/shl-motivation-questionnaire-mq/
Situational Judgment Tests (SJT),https://www.shl.com/products/assessments/behavioral-assessments/situation-judgement-tests-sjt/
SHL Verify,https://www.shl.com/products/assessments/cognitive-assessments/
SHL 360,https://www.shl.com/products/360/
Assessments,https://www.shl.com/products/assessments/
Behavioral Assessments,https://www.shl.com/products/assessments/behavioral-assessments/
Cognitive Assessments,https://www.shl.com/products/assessments/cognitive-assessments/
Personality Assessments,https://www.shl.com/products/assessments/personality-assessment/
Video Interviews,https://www.shl.com/products/video-interviews/
Skills & Simulations,https://www.shl.com/products/assessments/skills-and-simulations/
Call Center Simulations,https://www.shl.com/products/assessments/skills-and-simulations/call-center-simulations/
Business Skills,https://www.shl.com/products/assessments/skills-and-simulations/business-skills/
Coding Simulations,https://www.shl.com/products/assessments/skills-and-simulations/coding-simulations/
Technical Skills,https://www.shl.com/products/assessments/skills-and-simulations/technical-skills/
Language Evaluation,https://www.shl.com/products/assessments/skills-and-simulations/language-evaluation/
View all SHL ProductsGet the ultimate view of potential with SHL’s unmatched portfolio of assessments and interview technology.,https://www.shl.com/products/
Outsourced Assessments (VADC),https://www.shl.com/products/assessments/assessment-and-development-centers/
View Product Catalog,https://www.shl.com/products/product-catalog/
Products,https://www.shl.com/products/
Account Manager Solution,https://www.shl.com/products/product-catalog/view/account-manager-solution/
Administrative Professional - Short Form,https://www.shl.com/products/product-catalog/view/administrative-professional-short-form/
Agency Manager Solution,https://www.shl.com/products/product-catalog/view/agency-manager-solution/
Apprentice + 8.0 Job Focused Assessment,https://www.shl.com/products/product-catalog/view/apprentice-8-0-job-focused-assessment-4261/
Apprentice 8.0 Job Focused Assessment,https://www.shl.com/products/product-catalog/view/apprentice-8-0-job-focused-assessment/
Bank Administrative Assistant - Short Form,https://www.shl.com/products/product-catalog/view/bank-administrative-assistant-short-form/
Bank Collections Agent - Short Form,https://www.shl.com/products/product-catalog/view/bank-collections-agent-short-form/
Bank Operations Supervisor - Short Form,https://www.shl.com/products/product-catalog/view/bank-operations-supervisor-short-form/
Bilingual Spanish Reservation Agent Solution,https://www.shl.com/products/product-catalog/view/bilingual-spanish-reservation-agent-solution/
"Bookkeeping, Accounting, Auditing Clerk Short Form",https://www.shl.com/products/product-catalog/view/bookkeeping-accounting-auditing-clerk-short-form/
Branch Manager - Short Form,https://www.shl.com/products/product-catalog/view/branch-manager-short-form/
Cashier Solution,https://www.shl.com/products/product-catalog/view/cashier-solution/
2,https://www.shl.com/products/product-catalog/?page=14&start=12&type=2
3,https://www.shl.com/products/product-catalog/?page=14&start=24&type=2
12,https://www.shl.com/products/product-catalog/?page=14&start=132&type=2
Next,https://www.shl.com/products/product-catalog/?page=14&start=12&type=2
Global Skills Development Report,https://www.shl.com/products/product-catalog/view/global-skills-development-report/
.NET Framework 4.5,https://www.shl.com/products/product-catalog/view/net-framework-4-5/
.NET MVC (New),https://www.shl.com/products/product-catalog/view/net-mvc-new/
.NET MVVM (New),https://www.shl.com/products/product-catalog/view/net-mvvm-new/
.NET WCF (New),https://www.shl.com/products/product-catalog/view/net-wcf-new/
.NET WPF (New),https://www.shl.com/products/product-catalog/view/net-wpf-new/
.NET XAML (New),https://www.shl.com/products/product-catalog/view/net-xaml-new/
Accounts Payable (New),https://www.shl.com/products/product-catalog/view/accounts-payable-new/
Accounts Payable Simulation (New),https://www.shl.com/products/product-catalog/view/accounts-payable-simulation-new/
Accounts Receivable (New),https://www.shl.com/products/product-catalog/view/accounts-receivable-new/
Accounts Receivable Simulation (New),https://www.shl.com/products/product-catalog/view/accounts-receivable-simulation-new/
ADO.NET (New),https://www.shl.com/products/product-catalog/view/ado-net-new/
2,https://www.shl.com/products/product-catalog/?page=14&start=12&type=1
3,https://www.shl.com/products/product-catalog/?page=14&start=24&type=1
32,https://www.shl.com/products/product-catalog/?page=14&start=372&type=1
Next,https://www.shl.com/products/product-catalog/?page=14&start=12&type=1
Products,https://www.shl.com/products/
Product Catalog,https://www.shl.com/products/product-catalog/
Products,https://www.shl.com/products/
Products,https://www.shl.com/products/
Occupational Personality Questionnaire (OPQ),https://www.shl.com/products/assessments/personality-assessment/shl-occupational-personality-questionnaire-opq/
Job-Focused Assessments (JFA),https://www.shl.com/products/assessments/job-focused-assessments/
Motivational Questionnaire (MQ),https://www.shl.com/products/assessments/personality-assessment/shl-motivation-questionnaire-mq/
Situational Judgment Tests (SJT),https://www.shl.com/products/assessments/behavioral-assessments/situation-judgement-tests-sjt/
SHL Verify,https://www.shl.com/products/assessments/cognitive-assessments/
SHL 360,https://www.shl.com/products/360/
Assessments,https://www.shl.com/products/assessments/
Behavioral Assessments,https://www.shl.com/products/assessments/behavioral-assessments/
Cognitive Assessments,https://www.shl.com/products/assessments/cognitive-assessments/
Personality Assessments,https://www.shl.com/products/assessments/personality-assessment/
Video Interviews,https://www.shl.com/products/video-interviews/
Skills & Simulations,https://www.shl.com/products/assessments/skills-and-simulations/
Call Center Simulations,https://www.shl.com/products/assessments/skills-and-simulations/call-center-simulations/
Business Skills,https://www.shl.com/products/assessments/skills-and-simulations/business-skills/
Coding Simulations,https://www.shl.com/products/assessments/skills-and-simulations/coding-simulations/
Technical Skills,https://www.shl.com/products/assessments/skills-and-simulations/technical-skills/
Language Evaluation,https://www.shl.com/products/assessments/skills-and-simulations/language-evaluation/
View all SHL ProductsGet the ultimate view of potential with SHL’s unmatched portfolio of assessments and interview technology.,https://www.shl.com/products/
Outsourced Assessments (VADC),https://www.shl.com/products/assessments/assessment-and-development-centers/
View Product Catalog,https://www.shl.com/products/product-catalog/
Products,https://www.shl.com/products/
Account Manager Solution,https://www.shl.com/products/product-catalog/view/account-manager-solution/
Administrative Professional - Short Form,https://www.shl.com/products/product-catalog/view/administrative-professional-short-form/
Agency Manager Solution,https://www.shl.com/products/product-catalog/view/agency-manager-solution/
Apprentice + 8.0 Job Focused Assessment,https://www.shl.com/products/product-catalog/view/apprentice-8-0-job-focused-assessment-4261/
Apprentice 8.0 Job Focused Assessment,https://www.shl.com/products/product-catalog/view/apprentice-8-0-job-focused-assessment/
Bank Administrative Assistant - Short Form,https://www.shl.com/products/product-catalog/view/bank-administrative-assistant-short-form/
Bank Collections Agent - Short Form,https://www.shl.com/products/product-catalog/view/bank-collections-agent-short-form/
Bank Operations Supervisor - Short Form,https://www.shl.com/products/product-catalog/view/bank-operations-supervisor-short-form/
Bilingual Spanish Reservation Agent Solution,https://www.shl.com/products/product-catalog/view/bilingual-spanish-reservation-agent-solution/
"Bookkeeping, Accounting, Auditing Clerk Short Form",https://www.shl.com/products/product-catalog/view/bookkeeping-accounting-auditing-clerk-short-form/
Branch Manager - Short Form,https://www.shl.com/products/product-catalog/view/branch-manager-short-form/
Cashier Solution,https://www.shl.com/products/product-catalog/view/cashier-solution/
2,https://www.shl.com/products/product-catalog/?page=15&start=12&type=2
3,https://www.shl.com/products/product-catalog/?page=15&start=24&type=2
12,https://www.shl.com/products/product-catalog/?page=15&start=132&type=2
Next,https://www.shl.com/products/product-catalog/?page=15&start=12&type=2
Global Skills Development Report,https://www.shl.com/products/product-catalog/view/global-skills-development-report/
.NET Framework 4.5,https://www.shl.com/products/product-catalog/view/net-framework-4-5/
.NET MVC (New),https://www.shl.com/products/product-catalog/view/net-mvc-new/
.NET MVVM (New),https://www.shl.com/products/product-catalog/view/net-mvvm-new/
.NET WCF (New),https://www.shl.com/products/product-catalog/view/net-wcf-new/
.NET WPF (New),https://www.shl.com/products/product-catalog/view/net-wpf-new/
.NET XAML (New),https://www.shl.com/products/product-catalog/view/net-xaml-new/
Accounts Payable (New),https://www.shl.com/products/product-catalog/view/accounts-payable-new/
Accounts Payable Simulation (New),https://www.shl.com/products/product-catalog/view/accounts-payable-simulation-new/
Accounts Receivable (New),https://www.shl.com/products/product-catalog/view/accounts-receivable-new/
Accounts Receivable Simulation (New),https://www.shl.com/products/product-catalog/view/accounts-receivable-simulation-new/
ADO.NET (New),https://www.shl.com/products/product-catalog/view/ado-net-new/
2,https://www.shl.com/products/product-catalog/?page=15&start=12&type=1
3,https://www.shl.com/products/product-catalog/?page=15&start=24&type=1
32,https://www.shl.com/products/product-catalog/?page=15&start=372&type=1
Next,https://www.shl.com/products/product-catalog/?page=15&start=12&type=1
Products,https://www.shl.com/products/
Product Catalog,https://www.shl.com/products/product-catalog/
